,FECHA_DOC,CANT,MARGEN_UNITARIO_CALCULADO
0,2022-01-05,1,381.68
1,2022-01-05,1,936.87
2,2022-01-05,7,373.94
3,2022-01-05,1,101.04
4,2022-01-05,2,70.71
5,2022-01-05,2,187.66
6,2022-01-05,1,8676.24
7,2022-01-05,3,55.54
8,2022-01-05,1,1097.11
9,2022-01-05,1,1097.11
10,2022-01-05,1,1097.11
11,2022-01-05,1,1028.68
12,2022-01-05,1,1028.68
13,2022-01-05,1,1399.03
14,2022-01-05,1,1353.2
15,2022-01-05,5,42.9
16,2022-01-05,2,647.28
17,2022-01-05,3,-16.9
18,2022-01-05,5,742.6
19,2022-01-05,7,745.53
20,2022-01-05,3,468.92
21,2022-01-07,3,790.77
22,2022-01-07,1,459.17
23,2022-01-07,1,565.6
24,2022-01-07,2,1499.64
25,2022-01-07,3,766.11
26,2022-01-07,5,361.0
27,2022-01-07,6,330.86
28,2022-01-07,2,1516.07
29,2022-01-07,30,993.88
30,2022-01-10,6,560.8
31,2022-01-10,30,993.88
32,2022-01-10,1,422.63
33,2022-01-11,10,81.56
34,2022-01-11,10,137.64
35,2022-01-11,1,376.34
36,2022-01-11,1,440.22
37,2022-01-11,1,655.95
38,2022-01-12,40,194.75
39,2022-01-12,1,776.8
40,2022-01-12,3,11210.86
41,2022-01-12,9,517.5
42,2022-01-12,10,423.17
43,2022-01-12,8,830.46
44,2022-01-13,2,500.3
45,2022-01-14,1,662.71
46,2022-01-14,2,603.38
47,2022-01-14,2,365.96
48,2022-01-14,4,336.64
49,2022-01-14,1,1954.74
50,2022-01-17,5,445.71
51,2022-01-17,1,165.0
52,2022-01-17,1,288.64
53,2022-01-17,2,593.02
54,2022-01-17,2,659.94
55,2022-01-17,1,944.45
56,2022-01-17,1,950.45
57,2022-01-17,4,560.3
58,2022-01-18,1,333.68
59,2022-01-19,2,488.91
60,2022-01-19,2,488.91
61,2022-01-19,3,855.86
62,2022-01-19,3,740.32
63,2022-01-19,6,567.18
64,2022-01-19,2,337.4
65,2022-01-19,8,1904.85
66,2022-01-19,2,343.6
67,2022-01-19,4,879.42
68,2022-01-20,4,1848.54
69,2022-01-20,2,470.62
70,2022-01-20,1,-36.71
71,2022-01-21,10,310.38
72,2022-01-21,1,312.07
73,2022-01-21,1,522.18
74,2022-01-21,30,1199.8
75,2022-01-21,3,799.61
76,2022-01-24,10,1077.33
77,2022-01-24,6,1089.5
78,2022-01-24,6,1112.03
79,2022-01-24,8,301.53
80,2022-01-24,10,194.87
81,2022-01-24,2,910.29
82,2022-01-24,2,1422.06
83,2022-01-24,2,2599.65
84,2022-01-25,1,480.75
85,2022-01-25,12,335.54
86,2022-01-25,12,396.65
87,2022-01-25,1,1587.53
88,2022-01-25,20,78.75
89,2022-01-26,1,59.04
90,2022-01-26,3,466.92
91,2022-01-26,1,446.2
92,2022-01-27,1,1223.06
93,2022-01-27,1,68.8
94,2022-01-28,1,385.78
95,2022-01-28,3,652.48
96,2022-01-28,3,1028.97
97,2022-01-28,3,1065.41
98,2022-01-28,2,427.58
99,2022-01-28,1,53.75
100,2022-01-28,1,99.11
101,2022-01-31,2,1411.2
102,2022-01-31,2,1423.12
103,2022-01-31,2,769.82
104,2022-01-31,1,537.73
105,2022-01-31,1,1082.33
106,2022-01-31,4,474.47
107,2022-01-31,1,2462.2
108,2022-01-31,1,430.69
109,2022-01-31,2,859.28
110,2022-01-31,1,924.61
111,2022-01-31,4,1939.45
112,2022-01-31,2,1631.5
113,2022-01-31,1,1711.39
114,2022-01-31,1,968.06
115,2022-01-31,4,549.79
116,2022-01-31,2,472.24
117,2022-01-31,1,184.12
118,2022-02-01,1,773.77
119,2022-02-01,4,295.0
120,2022-02-01,2,348.42
121,2022-02-02,1,165.0
122,2022-02-02,2,3399.32
123,2022-02-02,1,184.12
124,2022-02-02,1,696.74
125,2022-02-02,3,269.29
126,2022-02-02,2,853.06
127,2022-02-03,1,475.22
128,2022-02-03,4,194.81
129,2022-02-03,4,841.37
130,2022-02-03,4,641.74
131,2022-02-03,4,558.26
132,2022-02-03,1,994.22
133,2022-02-03,1,990.64
134,2022-02-04,15,723.93
135,2022-02-04,1,242.0
136,2022-02-04,1,2270.16
137,2022-02-04,1,1437.95
138,2022-02-08,12,1273.91
139,2022-02-08,4,382.81
140,2022-02-08,10,623.22
141,2022-02-08,3,1344.38
142,2022-02-08,7,652.01
143,2022-02-08,2,1734.63
144,2022-02-09,2,854.1
145,2022-02-09,3,3441.4
146,2022-02-09,1,388.64
147,2022-02-09,4,1829.91
148,2022-02-09,3,1064.42
149,2022-02-10,3,485.15
150,2022-02-10,3,2262.15
151,2022-02-10,3,561.61
152,2022-02-10,2,591.1
153,2022-02-10,2,244.26
154,2022-02-11,10,712.73
155,2022-02-11,6,401.61
156,2022-02-11,1,220.4
157,2022-02-11,2,748.52
158,2022-02-11,3,188.37
159,2022-02-14,3,1808.25
160,2022-02-14,4,652.99
161,2022-02-14,4,637.57
162,2022-02-14,2,383.08
163,2022-02-14,1,645.38
164,2022-02-14,3,313.28
165,2022-02-14,2,839.25
166,2022-02-14,2,593.19
167,2022-02-14,1,1301.44
168,2022-02-14,6,180.11
169,2022-02-14,1,230.38
170,2022-02-14,6,478.41
171,2022-02-14,1,2116.32
172,2022-02-15,2,404.56
173,2022-02-15,1,1837.41
174,2022-02-15,1,692.77
175,2022-02-16,2,93.64
176,2022-02-16,8,276.36
177,2022-02-16,2,1411.2
178,2022-02-16,8,269.05
179,2022-02-17,2,1846.62
180,2022-02-17,1,284.87
181,2022-02-17,1,961.35
182,2022-02-17,1,849.67
183,2022-02-17,3,743.0
184,2022-02-17,2,301.17
185,2022-02-18,11,826.56
186,2022-02-18,6,1159.06
187,2022-02-18,4,439.96
188,2022-02-18,2,623.3
189,2022-02-18,2,701.26
190,2022-02-18,2,412.39
191,2022-02-18,3,5438.17
192,2022-02-18,2,80.87
193,2022-02-21,1,585.82
194,2022-02-21,1,1294.59
195,2022-02-21,6,1213.75
196,2022-02-22,5,424.06
197,2022-02-22,1,653.35
198,2022-02-22,1,591.1
199,2022-02-22,18,638.07
200,2022-02-22,2,1141.31
201,2022-02-22,1,165.0
202,2022-02-22,1,182.0
203,2022-02-22,1,108.27
204,2022-02-23,36,1195.66
205,2022-02-23,2,742.59
206,2022-02-23,2,754.58
207,2022-02-23,2,773.8
208,2022-02-23,2,788.34
209,2022-02-23,2,759.63
210,2022-02-23,2,790.79
211,2022-02-23,2,920.37
212,2022-02-23,2,814.8
213,2022-02-23,7,694.93
214,2022-02-23,2,332.63
215,2022-02-23,2,1486.69
216,2022-02-23,2,593.58
217,2022-02-23,2,577.12
218,2022-02-23,2,577.12
219,2022-02-23,1,585.82
220,2022-02-24,3,2772.88
221,2022-02-24,6,2735.93
222,2022-02-24,10,253.01
223,2022-02-24,2,1013.56
224,2022-02-24,1,576.24
225,2022-02-25,1,435.78
226,2022-02-25,1,435.78
227,2022-02-25,1,435.78
228,2022-02-25,1,435.78
229,2022-02-25,1,435.78
230,2022-02-25,2,259.72
231,2022-02-25,2,284.86
232,2022-02-25,2,196.9
233,2022-02-25,2,231.77
234,2022-02-25,5,235.95
235,2022-02-25,4,556.63
236,2022-02-25,10,279.38
237,2022-02-25,8,367.71
238,2022-02-25,7,429.31
239,2022-02-25,8,347.9
240,2022-02-25,3,1233.29
241,2022-02-25,4,555.2
242,2022-02-28,4,473.37
243,2022-02-28,1,-6217.41
244,2022-02-28,2,1044.3
245,2022-02-28,30,1135.87
246,2022-02-28,4,595.91
247,2022-02-28,2,474.98
248,2022-02-28,2,429.22
249,2022-02-28,1,2038.61
250,2022-02-28,2,654.66
251,2022-02-28,1,705.22
252,2022-02-28,3,620.61
253,2022-02-28,1,1016.81
254,2022-02-28,3,818.81
255,2022-02-28,3,310.47
256,2022-02-28,1,1289.89
257,2022-02-28,1,911.15
258,2022-02-28,1,1079.85
259,2022-02-28,1,983.02
260,2022-02-28,2,870.35
261,2022-02-28,3,161.87
262,2022-02-28,3,780.04
263,2022-02-28,2,932.41
264,2022-02-28,4,581.39
265,2022-02-28,4,435.06
266,2022-03-01,1,1836.19
267,2022-03-02,4,793.32
268,2022-03-02,4,884.14
269,2022-03-02,2,1411.2
270,2022-03-03,6,2971.88
271,2022-03-03,6,2756.19
272,2022-03-03,1,242.0
273,2022-03-03,1,4273.74
274,2022-03-03,3,818.81
275,2022-03-03,2,440.76
276,2022-03-03,1,301.0
277,2022-03-03,1,245.28
278,2022-03-04,1,425.1
279,2022-03-04,15,677.59
280,2022-03-04,1,884.26
281,2022-03-04,2,301.17
282,2022-03-04,2,695.91
283,2022-03-07,4,177.9
284,2022-03-07,1,1829.74
285,2022-03-07,4,506.53
286,2022-03-08,5,980.86
287,2022-03-08,2,425.43
288,2022-03-08,9,902.12
289,2022-03-09,1,583.35
290,2022-03-09,4,971.92
291,2022-03-09,1,326.2
292,2022-03-09,10,268.6
293,2022-03-09,1,787.46
294,2022-03-09,1,663.3
295,2022-03-09,1,663.3
296,2022-03-10,3,1135.65
297,2022-03-10,2,701.46
298,2022-03-10,1,288.19
299,2022-03-10,20,235.95
300,2022-03-10,5,0.0
301,2022-03-10,5,326.2
302,2022-03-11,1,2005.72
303,2022-03-11,6,1247.89
304,2022-03-11,2,874.86
305,2022-03-11,1,2724.47
306,2022-03-11,2,242.0
307,2022-03-11,2,68.8
308,2022-03-11,1,1959.55
309,2022-03-14,10,577.51
310,2022-03-14,15,727.42
311,2022-03-15,1,165.0
312,2022-03-15,4,1982.41
313,2022-03-15,9,824.97
314,2022-03-15,1,787.46
315,2022-03-15,2,857.5
316,2022-03-15,2,1714.24
317,2022-03-15,4,994.73
318,2022-03-16,2,1101.35
319,2022-03-16,5,330.86
320,2022-03-16,1,242.0
321,2022-03-16,2,1128.97
322,2022-03-16,5,327.23
323,2022-03-16,2,1066.56
324,2022-03-16,6,378.48
325,2022-03-16,1,597.89
326,2022-03-16,20,403.08
327,2022-03-16,2,2292.18
328,2022-03-17,4,230.45
329,2022-03-17,2,1326.89
330,2022-03-17,2,354.2
331,2022-03-17,1,1677.89
332,2022-03-18,1,508.41
333,2022-03-18,2,675.27
334,2022-03-18,6,631.54
335,2022-03-18,1,435.78
336,2022-03-18,1,859.82
337,2022-03-18,1,859.82
338,2022-03-18,1,1431.38
339,2022-03-18,1,1431.38
340,2022-03-22,4,431.12
341,2022-03-22,1,787.46
342,2022-03-22,2,560.83
343,2022-03-22,6,310.02
344,2022-03-22,2,55.54
345,2022-03-22,2,101.64
346,2022-03-22,2,59.04
347,2022-03-23,1,8788.35
348,2022-03-23,1,510.0
349,2022-03-23,2,799.61
350,2022-03-23,10,177.98
351,2022-03-23,5,2214.53
352,2022-03-23,2,871.15
353,2022-03-23,1,331.18
354,2022-03-23,1,395.54
355,2022-03-23,1,497.96
356,2022-03-23,4,1813.74
357,2022-03-23,2,1667.03
358,2022-03-23,1,5454.83
359,2022-03-23,3,2075.39
360,2022-03-23,2,3410.68
361,2022-03-24,1,488.13
362,2022-03-24,4,489.47
363,2022-03-24,4,472.66
364,2022-03-24,3,481.11
365,2022-03-24,1,528.72
366,2022-03-24,1,754.72
367,2022-03-24,3,390.08
368,2022-03-25,6,1903.42
369,2022-03-25,10,1668.45
370,2022-03-25,1,480.32
371,2022-03-25,1,452.12
372,2022-03-25,1,81.04
373,2022-03-28,2,16939.56
374,2022-03-28,25,61.37
375,2022-03-28,2,119.27
376,2022-03-28,2,1139.66
377,2022-03-28,1,533.99
378,2022-03-28,3,415.68
379,2022-03-28,8,427.54
380,2022-03-28,2,322.72
381,2022-03-28,2,199.48
382,2022-03-28,1,177.14
383,2022-03-29,3,1982.12
384,2022-03-29,4,1046.82
385,2022-03-29,2,742.59
386,2022-03-29,2,754.58
387,2022-03-29,2,773.8
388,2022-03-29,2,788.34
389,2022-03-29,1,118.15
390,2022-03-29,1,215.0
391,2022-03-29,1,462.68
392,2022-03-29,1,946.57
393,2022-03-29,1,531.5
394,2022-03-29,18,3435.8
395,2022-03-30,2,386.94
396,2022-03-30,1,790.77
397,2022-03-30,3,116.51
398,2022-03-30,1,452.14
399,2022-03-30,1,1235.32
400,2022-03-30,1,532.1
401,2022-03-31,1,363.93
402,2022-03-31,1,761.79
403,2022-03-31,60,958.52
404,2022-03-31,1,225.0
405,2022-03-31,12,1065.53
406,2022-03-31,12,473.55
407,2022-03-31,1,811.12
408,2022-03-31,6,473.55
409,2022-03-31,6,555.39
410,2022-03-31,25,1109.2
411,2022-03-31,1,2316.77
412,2022-03-31,10,1118.55
413,2022-03-31,3,2262.15
414,2022-03-31,18,383.9
415,2022-03-31,2,1382.49
416,2022-03-31,4,2153.07
417,2022-03-31,1,3650.1
418,2022-03-31,3,568.76
419,2022-03-31,1,19370.94
420,2022-03-31,2,4201.74
421,2022-04-01,1,298.24
422,2022-04-04,1,77.3
423,2022-04-04,1,521.36
424,2022-04-04,1,453.64
425,2022-04-04,1,521.36
426,2022-04-04,1,439.11
427,2022-04-04,1,505.63
428,2022-04-04,1,487.63
429,2022-04-05,1,771.84
430,2022-04-05,3,598.98
431,2022-04-05,4,547.13
432,2022-04-05,1,1919.29
433,2022-04-05,4,1982.41
434,2022-04-05,1,940.45
435,2022-04-05,2,2039.68
436,2022-04-06,2,1499.64
437,2022-04-06,1,215.0
438,2022-04-06,4,776.8
439,2022-04-06,2,357.95
440,2022-04-06,1,244.17
441,2022-04-07,5,533.8
442,2022-04-07,3,527.06
443,2022-04-07,1,102.09
444,2022-04-07,25,0.74
445,2022-04-07,4,712.32
446,2022-04-07,5,347.49
447,2022-04-07,4,916.17
448,2022-04-07,2,1235.33
449,2022-04-07,1,464.26
450,2022-04-08,2,2099.1
451,2022-04-08,1,93.16
452,2022-04-08,1,328.13
453,2022-04-11,2,340.6
454,2022-04-11,1,259.46
455,2022-04-11,3,653.96
456,2022-04-11,1,703.93
457,2022-04-11,1,114.51
458,2022-04-11,1,1602.62
459,2022-04-11,2,1101.35
460,2022-04-12,2,617.13
461,2022-04-12,1,600.22
462,2022-04-12,1,1723.65
463,2022-04-13,1,832.79
464,2022-04-13,10,504.15
465,2022-04-13,1,478.79
466,2022-04-13,9,922.17
467,2022-04-13,1,987.6
468,2022-04-13,6,619.36
469,2022-04-13,1,463.56
470,2022-04-13,1,791.24
471,2022-04-13,1,791.24
472,2022-04-13,25,52.97
473,2022-04-18,1,899.4
474,2022-04-19,1,551.92
475,2022-04-19,3,924.61
476,2022-04-19,4,259.46
477,2022-04-19,4,1121.32
478,2022-04-19,1,637.02
479,2022-04-20,1,19950.17
480,2022-04-20,2,1411.2
481,2022-04-21,2,77.43
482,2022-04-21,1,811.34
483,2022-04-21,2,428.07
484,2022-04-21,5,491.56
485,2022-04-21,2,686.95
486,2022-04-21,6,485.81
487,2022-04-21,1,1952.46
488,2022-04-21,3,2029.25
489,2022-04-21,1,67.21
490,2022-04-22,3,368.66
491,2022-04-22,2,423.82
492,2022-04-22,2,93.77
493,2022-04-22,1,114.51
494,2022-04-22,1,462.85
495,2022-04-22,1,951.15
496,2022-04-22,3,951.15
497,2022-04-25,10,649.06
498,2022-04-25,1,242.0
499,2022-04-25,20,32.87
500,2022-04-25,1,439.2
501,2022-04-25,2,723.87
502,2022-04-25,3,788.03
503,2022-04-25,18,3435.8
504,2022-04-26,6,619.36
505,2022-04-26,10,177.63
506,2022-04-26,4,1074.92
507,2022-04-26,2,686.95
508,2022-04-26,2,661.91
509,2022-04-26,1,663.98
510,2022-04-26,1,548.08
511,2022-04-26,2,102.09
512,2022-04-27,2,1054.81
513,2022-04-27,1,6481.35
514,2022-04-27,2,4197.91
515,2022-04-27,5,130.54
516,2022-04-27,1,586.0
517,2022-04-27,1,1141.04
518,2022-04-27,3,2090.02
519,2022-04-27,5,5605.4
520,2022-04-28,2,742.22
521,2022-04-28,1,3115.06
522,2022-04-28,5,460.01
523,2022-04-28,2,3275.91
524,2022-04-29,1,276.29
525,2022-04-29,1,914.37
526,2022-04-29,1,1130.44
527,2022-04-29,1,340.6
528,2022-04-29,2,347.46
529,2022-04-29,12,688.8
530,2022-04-29,2,1992.47
531,2022-04-29,7,601.86
532,2022-04-29,4,2200.88
533,2022-04-29,35,1139.79
534,2022-04-29,10,2262.15
535,2022-04-29,1,2466.93
536,2022-05-02,10,426.74
537,2022-05-02,2,323.01
538,2022-05-03,2,265.89
539,2022-05-03,6,130.27
540,2022-05-03,1,510.0
541,2022-05-03,1,393.21
542,2022-05-04,2,401.61
543,2022-05-04,5,340.6
544,2022-05-04,1,259.46
545,2022-05-04,1,820.66
546,2022-05-04,17,33.07
547,2022-05-04,4,1727.06
548,2022-05-04,4,1137.6
549,2022-05-04,1,77.33
550,2022-05-05,6,1858.21
551,2022-05-05,2,477.34
552,2022-05-05,10,232.22
553,2022-05-05,1,1638.08
554,2022-05-05,1,550.77
555,2022-05-05,1,408.3
556,2022-05-05,1,126.37
557,2022-05-06,1,597.52
558,2022-05-06,2,11572.15
559,2022-05-06,2,852.88
560,2022-05-06,15,116.09
561,2022-05-09,1,592.15
562,2022-05-09,4,393.21
563,2022-05-09,1,297.27
564,2022-05-09,1,961.71
565,2022-05-09,20,223.13
566,2022-05-09,6,1225.87
567,2022-05-09,1,799.65
568,2022-05-09,5,296.94
569,2022-05-10,1,1426.09
570,2022-05-10,5,500.75
571,2022-05-10,5,595.75
572,2022-05-11,1,90.43
573,2022-05-11,1,562.48
574,2022-05-11,1,1541.53
575,2022-05-11,6,485.81
576,2022-05-11,5,343.6
577,2022-05-11,2,90.63
578,2022-05-11,10,947.83
579,2022-05-11,5,264.43
580,2022-05-12,2,1952.46
581,2022-05-12,2,438.48
582,2022-05-12,1,1576.73
583,2022-05-12,4,286.97
584,2022-05-12,1,4904.69
585,2022-05-12,1,499.01
586,2022-05-13,1,525.31
587,2022-05-13,2,462.44
588,2022-05-13,1,8475.39
589,2022-05-13,2,761.72
590,2022-05-13,2,276.64
591,2022-05-17,1,1613.91
592,2022-05-17,1,1679.98
593,2022-05-17,1,171.0
594,2022-05-17,1,806.51
595,2022-05-17,1,806.51
596,2022-05-17,2,1396.21
597,2022-05-17,2,1333.66
598,2022-05-18,3,2518.76
599,2022-05-18,1,1806.6
600,2022-05-19,1,503.46
601,2022-05-19,4,929.32
602,2022-05-19,1,1155.74
603,2022-05-19,2,365.89
604,2022-05-19,2,448.91
605,2022-05-19,2,948.18
606,2022-05-20,8,538.02
607,2022-05-20,5,749.26
608,2022-05-20,8,853.12
609,2022-05-20,2,772.58
610,2022-05-23,3,108.07
611,2022-05-23,1,-3960.83
612,2022-05-23,4,2247.11
613,2022-05-23,1,1202.72
614,2022-05-23,6,897.75
615,2022-05-24,60,1051.93
616,2022-05-25,1,518.81
617,2022-05-25,20,396.28
618,2022-05-25,1,132.0
619,2022-05-26,15,305.93
620,2022-05-26,8,429.31
621,2022-05-26,6,1249.59
622,2022-05-26,1,971.18
623,2022-05-26,10,672.51
624,2022-05-26,2,132.43
625,2022-05-26,28,526.89
626,2022-05-26,1,467.22
627,2022-05-27,2,510.0
628,2022-05-27,2,552.28
629,2022-05-27,3,552.28
630,2022-05-27,1,167.59
631,2022-05-27,2,477.85
632,2022-05-30,3,320.13
633,2022-05-31,2,890.0
634,2022-05-31,2,567.03
635,2022-05-31,6,692.37
636,2022-05-31,4,659.02
637,2022-05-31,2,679.98
638,2022-05-31,4,1132.37
639,2022-05-31,2,1178.3
640,2022-05-31,10,994.67
641,2022-05-31,8,833.62
642,2022-05-31,5,751.23
643,2022-05-31,2,453.72
644,2022-06-01,1,281.37
645,2022-06-01,5,5660.7
646,2022-06-02,16,684.05
647,2022-06-02,6,847.6
648,2022-06-02,1,733.01
649,2022-06-02,4,633.22
650,2022-06-02,2,1257.0
651,2022-06-02,1,567.0
652,2022-06-02,2,340.87
653,2022-06-03,2,799.61
654,2022-06-03,36,1183.97
655,2022-06-06,1,8599.48
656,2022-06-06,2,564.21
657,2022-06-06,2,487.08
658,2022-06-06,1,525.31
659,2022-06-06,1,172.0
660,2022-06-07,1,507.67
661,2022-06-07,1,171.0
662,2022-06-07,12,492.1
663,2022-06-08,1,799.61
664,2022-06-09,1,732.06
665,2022-06-09,10,730.23
666,2022-06-09,30,921.2
667,2022-06-09,1,3065.61
668,2022-06-09,2,744.19
669,2022-06-09,4,349.31
670,2022-06-09,4,320.2
671,2022-06-09,4,-130.5
672,2022-06-10,1,-166753.38
673,2022-06-10,2,516.4
674,2022-06-10,2,1500.34
675,2022-06-10,1,799.61
676,2022-06-13,1,51.71
677,2022-06-13,1,1134.94
678,2022-06-13,2,1541.53
679,2022-06-14,4,624.16
680,2022-06-14,3,320.13
681,2022-06-14,6,1455.02
682,2022-06-14,1,2273.89
683,2022-06-15,3,701.46
684,2022-06-15,1,132.0
685,2022-06-15,2,647.8
686,2022-06-16,10,461.26
687,2022-06-16,12,476.34
688,2022-06-16,1,374.31
689,2022-06-16,20,1120.01
690,2022-06-16,2,2264.71
691,2022-06-16,1,152.67
692,2022-06-16,1,1182.26
693,2022-06-17,2,763.34
694,2022-06-17,2,394.33
695,2022-06-17,2,608.07
696,2022-06-17,2,732.5
697,2022-06-17,5,118.18
698,2022-06-17,5,147.43
699,2022-06-17,1,904.02
700,2022-06-17,4,764.96
701,2022-06-17,6,691.36
702,2022-06-17,6,738.91
703,2022-06-17,2,359.87
704,2022-06-17,1,143.51
705,2022-06-20,2,255.2
706,2022-06-20,2,666.86
707,2022-06-21,6,920.54
708,2022-06-21,6,904.23
709,2022-06-21,1,516.07
710,2022-06-21,1,315.84
711,2022-06-21,4,349.31
712,2022-06-21,4,255.2
713,2022-06-21,3,77.43
714,2022-06-22,4,461.8
715,2022-06-22,2,1133.31
716,2022-06-22,15,238.56
717,2022-06-22,2,302.35
718,2022-06-22,2,839.25
719,2022-06-22,2,525.31
720,2022-06-22,1,557.8
721,2022-06-22,2,277.42
722,2022-06-23,30,692.91
723,2022-06-23,4,-9.6
724,2022-06-23,1,2147.66
725,2022-06-23,1,701.36
726,2022-06-24,6,793.94
727,2022-06-24,4,425.58
728,2022-06-24,2,1382.96
729,2022-06-24,2,1113.07
730,2022-06-24,10,230.81
731,2022-06-24,3,252.65
732,2022-06-27,10,560.22
733,2022-06-27,10,612.63
734,2022-06-27,2,558.32
735,2022-06-27,1,475.41
736,2022-06-28,1,743.41
737,2022-06-28,2,500.84
738,2022-06-28,2,604.37
739,2022-06-28,9,426.74
740,2022-06-28,6,538.34
741,2022-06-28,3,2075.39
742,2022-06-28,2,1360.85
743,2022-06-29,1,338.23
744,2022-06-29,1,550.77
745,2022-06-29,1,408.3
746,2022-06-29,100,351.36
747,2022-06-29,5,3986.11
748,2022-06-30,4,511.65
749,2022-06-30,5,525.02
750,2022-06-30,6,527.06
751,2022-06-30,2,971.97
752,2022-06-30,1,1556.5
753,2022-06-30,1,1534.45
754,2022-06-30,6,434.93
755,2022-06-30,4,550.21
756,2022-06-30,1,819.98
757,2022-06-30,1,789.87
758,2022-06-30,4,1061.27
759,2022-06-30,1,255.2
760,2022-06-30,3,343.7
761,2022-06-30,3,735.56
762,2022-06-30,1,395.73
763,2022-07-04,7,2280.13
764,2022-07-04,1,388.64
765,2022-07-04,2,247.67
766,2022-07-04,2,1260.79
767,2022-07-04,1,591.0
768,2022-07-04,1,260.68
769,2022-07-05,3,570.65
770,2022-07-06,1,471.8
771,2022-07-06,1,819.98
772,2022-07-06,2,376.86
773,2022-07-06,2,583.25
774,2022-07-06,2,584.16
775,2022-07-06,2,629.01
776,2022-07-06,1,365.79
777,2022-07-06,1,391.48
778,2022-07-06,1,294.5
779,2022-07-06,1,583.24
780,2022-07-07,10,107.97
781,2022-07-07,20,221.95
782,2022-07-07,15,221.95
783,2022-07-07,1,711.4
784,2022-07-07,2,1333.66
785,2022-07-07,6,684.41
786,2022-07-07,1,888.98
787,2022-07-08,4,746.26
788,2022-07-08,1,429.89
789,2022-07-08,1,569.47
790,2022-07-11,1,365.89
791,2022-07-11,6,448.91
792,2022-07-11,1,876.72
793,2022-07-11,2,593.01
794,2022-07-12,2,1013.64
795,2022-07-12,3,472.29
796,2022-07-12,5,776.8
797,2022-07-12,8,990.19
798,2022-07-12,1,819.98
799,2022-07-12,54,475.65
800,2022-07-12,27,473.75
801,2022-07-12,3,549.73
802,2022-07-12,3,409.03
803,2022-07-13,3,428.1
804,2022-07-13,1,470.89
805,2022-07-13,1,775.35
806,2022-07-13,4,526.15
807,2022-07-15,1,228.13
808,2022-07-15,2,4583.6
809,2022-07-15,3,641.66
810,2022-07-15,1,96.21
811,2022-07-15,3,636.54
812,2022-07-18,4,1849.87
813,2022-07-18,5,435.75
814,2022-07-18,4,773.07
815,2022-07-18,2,828.67
816,2022-07-18,10,552.4
817,2022-07-18,11,1167.63
818,2022-07-18,1,293.2
819,2022-07-19,1,1925.0
820,2022-07-20,1,217.51
821,2022-07-20,2,263.85
822,2022-07-20,1,810.55
823,2022-07-21,1,3650.1
824,2022-07-21,4,251.75
825,2022-07-21,4,409.09
826,2022-07-21,4,1161.96
827,2022-07-21,4,559.57
828,2022-07-21,1,2550.69
829,2022-07-21,2,2609.79
830,2022-07-21,1,2604.26
831,2022-07-21,1,2935.68
832,2022-07-21,30,869.51
833,2022-07-21,3,3461.46
834,2022-07-21,1,601.29
835,2022-07-21,2,780.01
836,2022-07-21,2,1901.85
837,2022-07-21,4,2859.72
838,2022-07-21,4,2496.29
839,2022-07-21,5,1846.89
840,2022-07-22,2,87.43
841,2022-07-22,21,651.89
842,2022-07-22,1,20088.3
843,2022-07-22,4,636.74
844,2022-07-22,1,395.44
845,2022-07-22,1,497.96
846,2022-07-22,1,395.44
847,2022-07-22,1,497.96
848,2022-07-22,6,449.8
849,2022-07-25,2,242.0
850,2022-07-26,2,2257.01
851,2022-07-26,1,13722.5
852,2022-07-26,12,492.0
853,2022-07-26,10,552.4
854,2022-07-27,1,2295.74
855,2022-07-27,10,114.67
856,2022-07-28,4,922.09
857,2022-07-28,5,361.58
858,2022-07-28,5,398.08
859,2022-07-28,1,1130.44
860,2022-07-29,5,745.53
861,2022-07-29,1,3931.14
862,2022-07-29,1,1171.82
863,2022-07-29,2,830.77
864,2022-07-29,2,658.2
865,2022-07-29,2,584.91
866,2022-07-29,1,17147.72
867,2022-07-29,1,420.69
868,2022-07-29,10,735.07
869,2022-07-29,6,610.84
870,2022-07-29,6,403.62
871,2022-07-29,6,652.12
872,2022-07-29,6,672.74
873,2022-07-29,10,380.26
874,2022-07-29,6,284.33
875,2022-07-29,16,1448.5
876,2022-07-29,3,733.34
877,2022-08-01,5,340.6
878,2022-08-01,5,255.2
879,2022-08-02,7,1007.39
880,2022-08-03,3,637.85
881,2022-08-03,1,879.73
882,2022-08-04,10,110.55
883,2022-08-08,5,82.21
884,2022-08-08,2,90.63
885,2022-08-08,3,140.51
886,2022-08-08,3,351.8
887,2022-08-08,4,579.22
888,2022-08-08,30,1183.82
889,2022-08-08,4,601.86
890,2022-08-08,20,1185.09
891,2022-08-08,4,2209.02
892,2022-08-08,2,92.18
893,2022-08-09,4,779.79
894,2022-08-09,1,696.45
895,2022-08-10,4,2021.48
896,2022-08-10,1,838.03
897,2022-08-10,4,637.85
898,2022-08-10,3,1328.67
899,2022-08-10,2,806.51
900,2022-08-10,4,321.9
901,2022-08-10,1,603.56
902,2022-08-10,1,4025.49
903,2022-08-10,2,1607.1
904,2022-08-10,12,747.53
905,2022-08-11,2,352.63
906,2022-08-11,1,3129.95
907,2022-08-11,30,869.29
908,2022-08-11,1,1246.99
909,2022-08-11,1,410.58
910,2022-08-11,1,82.63
911,2022-08-12,5,339.23
912,2022-08-12,4,274.62
913,2022-08-12,1,630.06
914,2022-08-12,2,1124.13
915,2022-08-12,1,1373.07
916,2022-08-15,1,1808.76
917,2022-08-15,15,648.85
918,2022-08-15,4,1376.66
919,2022-08-15,3,1159.89
920,2022-08-15,3,1068.27
921,2022-08-16,1,674.55
922,2022-08-16,21,651.89
923,2022-08-16,2,-0.81
924,2022-08-16,2,696.79
925,2022-08-17,1,91.36
926,2022-08-17,1,71.8
927,2022-08-17,2,1470.53
928,2022-08-17,3,2481.59
929,2022-08-17,4,672.72
930,2022-08-17,1,1034.55
931,2022-08-18,1,22503.48
932,2022-08-18,1,457.76
933,2022-08-18,1,637.73
934,2022-08-19,3,514.18
935,2022-08-19,6,581.39
936,2022-08-19,3,576.26
937,2022-08-19,1,76.35
938,2022-08-19,3,755.38
939,2022-08-19,1,468.12
940,2022-08-19,1,76.8
941,2022-08-19,1,92.05
942,2022-08-22,1,-5538.7
943,2022-08-22,2,707.65
944,2022-08-22,2,742.22
945,2022-08-22,1,630.06
946,2022-08-23,20,749.05
947,2022-08-23,6,1719.79
948,2022-08-23,3,1808.13
949,2022-08-23,10,118.2
950,2022-08-23,3,570.32
951,2022-08-23,3,568.9
952,2022-08-23,7,395.76
953,2022-08-23,1,552.8
954,2022-08-23,8,548.63
955,2022-08-23,1,167.59
956,2022-08-24,1,424.0
957,2022-08-24,5,1217.43
958,2022-08-24,1,1214.74
959,2022-08-25,2,586.29
960,2022-08-25,2,15869.18
961,2022-08-26,3,590.05
962,2022-08-26,1,9700.0
963,2022-08-26,1,429.96
964,2022-08-26,2,1056.07
965,2022-08-29,2,1123.22
966,2022-08-29,10,207.17
967,2022-08-29,2,1613.62
968,2022-08-29,1,1987.58
969,2022-08-29,2,1604.22
970,2022-08-29,2,209.0
971,2022-08-30,4,1013.56
972,2022-08-31,2,541.58
973,2022-08-31,5,2151.1
974,2022-08-31,12,654.54
975,2022-08-31,15,988.78
976,2022-08-31,20,1160.86
977,2022-08-31,20,781.27
978,2022-08-31,20,238.48
979,2022-08-31,4,1880.1
980,2022-08-31,2,399.19
981,2022-08-31,1,973.25
982,2022-08-31,1,815.49
983,2022-08-31,1,255.78
984,2022-09-02,10,301.59
985,2022-09-02,1,552.9
986,2022-09-02,1,2234.2
987,2022-09-02,1,146.35
988,2022-09-02,1,1328.51
989,2022-09-05,3,471.8
990,2022-09-05,12,504.42
991,2022-09-05,10,637.4
992,2022-09-05,2,773.68
993,2022-09-06,1,1106.23
994,2022-09-06,1,806.51
995,2022-09-06,1,2047.87
996,2022-09-06,4,1396.21
997,2022-09-07,20,496.35
998,2022-09-07,1,553.76
999,2022-09-07,8,626.39
1000,2022-09-07,1,455.09
1001,2022-09-08,3,1720.25
1002,2022-09-08,2,546.87
1003,2022-09-08,2,-247.91
1004,2022-09-08,2,460.19
1005,2022-09-08,2,552.9
1006,2022-09-08,9,626.56
1007,2022-09-08,1,738.08
1008,2022-09-08,1,542.81
1009,2022-09-08,2,794.65
1010,2022-09-08,1,657.2
1011,2022-09-08,2,833.15
1012,2022-09-08,3,733.34
1013,2022-09-09,20,1143.69
1014,2022-09-09,1,2341.18
1015,2022-09-09,1,340.6
1016,2022-09-09,2,1841.86
1017,2022-09-09,1,641.74
1018,2022-09-12,1,132.0
1019,2022-09-12,10,308.87
1020,2022-09-12,3,1671.96
1021,2022-09-12,4,550.08
1022,2022-09-12,4,621.14
1023,2022-09-12,2,170.08
1024,2022-09-12,2,224.73
1025,2022-09-13,1,269.99
1026,2022-09-13,10,1079.84
1027,2022-09-13,1,209.0
1028,2022-09-14,1,567.59
1029,2022-09-14,10,412.91
1030,2022-09-14,3,630.7
1031,2022-09-14,14,71.35
1032,2022-09-14,6,234.36
1033,2022-09-14,1,868.94
1034,2022-09-14,1,758.67
1035,2022-09-14,1,3832.72
1036,2022-09-14,1,1103.54
1037,2022-09-15,1,1442.78
1038,2022-09-15,2,868.39
1039,2022-09-19,2,-3.92
1040,2022-09-19,2,460.64
1041,2022-09-19,1,773.68
1042,2022-09-19,1,773.68
1043,2022-09-19,2,1230.32
1044,2022-09-19,1,166.51
1045,2022-09-19,1,1764.75
1046,2022-09-20,1,13063.98
1047,2022-09-20,1,76.35
1048,2022-09-20,1,701.47
1049,2022-09-20,1,483.82
1050,2022-09-20,1,702.5
1051,2022-09-20,1,770.35
1052,2022-09-21,3,475.63
1053,2022-09-22,2,1879.8
1054,2022-09-22,3,574.53
1055,2022-09-22,6,561.61
1056,2022-09-22,6,415.68
1057,2022-09-22,1,675.92
1058,2022-09-22,3,612.44
1059,2022-09-22,4,332.4
1060,2022-09-22,2,1937.11
1061,2022-09-22,1,1557.32
1062,2022-09-22,1,1734.63
1063,2022-09-22,1,-30088.77
1064,2022-09-22,1,71.35
1065,2022-09-22,1,189.75
1066,2022-09-23,1,242.0
1067,2022-09-23,1,819.98
1068,2022-09-23,1,819.98
1069,2022-09-23,4,691.28
1070,2022-09-23,4,677.69
1071,2022-09-23,1,929.32
1072,2022-09-23,1,929.32
1073,2022-09-23,1,929.32
1074,2022-09-23,1,929.32
1075,2022-09-23,2,340.6
1076,2022-09-23,18,6036.14
1077,2022-09-23,18,5715.84
1078,2022-09-23,4,76.8
1079,2022-09-26,8,110.73
1080,2022-09-26,2,736.41
1081,2022-09-26,2,797.4
1082,2022-09-26,2,1635.15
1083,2022-09-26,2,1646.01
1084,2022-09-26,1,802.98
1085,2022-09-26,10,460.01
1086,2022-09-26,5,595.75
1087,2022-09-26,3,1487.89
1088,2022-09-26,3,811.3
1089,2022-09-26,3,492.22
1090,2022-09-26,10,2552.09
1091,2022-09-27,4,3991.44
1092,2022-09-27,4,257.4
1093,2022-09-28,30,1186.53
1094,2022-09-29,4,450.89
1095,2022-09-29,2,646.96
1096,2022-09-29,10,0.54
1097,2022-09-29,7,248.86
1098,2022-09-29,30,350.89
1099,2022-09-29,3,92.05
1100,2022-09-30,2,1004.1
1101,2022-09-30,2,11319.56
1102,2022-09-30,10,492.1
1103,2022-09-30,1,1152.44
1104,2022-09-30,4,17147.72
1105,2022-09-30,2,436.59
1106,2022-09-30,2,458.89
1107,2022-09-30,8,2745.08
1108,2022-09-30,1,1042.35
1109,2022-09-30,1,744.23
1110,2022-09-30,2,684.75
1111,2022-09-30,4,205.41
1112,2022-10-04,1,510.0
1113,2022-10-04,1,119.09
1114,2022-10-04,1,191.91
1115,2022-10-04,4,340.6
1116,2022-10-04,1,551.85
1117,2022-10-04,5,369.4
1118,2022-10-04,10,284.36
1119,2022-10-04,1,970.39
1120,2022-10-04,1,3411.77
1121,2022-10-04,2,632.73
1122,2022-10-05,1,242.0
1123,2022-10-05,3,240.26
1124,2022-10-06,2,92.05
1125,2022-10-06,1,2533.27
1126,2022-10-06,4,2021.48
1127,2022-10-07,1,723.44
1128,2022-10-07,4,242.07
1129,2022-10-07,3,1194.66
1130,2022-10-07,2,724.31
1131,2022-10-07,2,604.28
1132,2022-10-07,1,1582.0
1133,2022-10-10,3,972.42
1134,2022-10-10,10,340.6
1135,2022-10-10,6,772.16
1136,2022-10-11,1,-592.5
1137,2022-10-11,1,709.39
1138,2022-10-12,1,586.21
1139,2022-10-12,1,657.83
1140,2022-10-12,10,1155.61
1141,2022-10-12,5,817.91
1142,2022-10-12,4,698.0
1143,2022-10-12,20,1159.79
1144,2022-10-12,3,2412.74
1145,2022-10-12,1,701.47
1146,2022-10-13,6,542.79
1147,2022-10-13,1,628.8
1148,2022-10-14,1,333.55
1149,2022-10-14,6,320.1
1150,2022-10-14,10,314.3
1151,2022-10-14,10,282.23
1152,2022-10-14,10,409.09
1153,2022-10-14,7,569.1
1154,2022-10-14,10,368.73
1155,2022-10-14,10,1563.13
1156,2022-10-17,3,1469.88
1157,2022-10-17,1,614.73
1158,2022-10-17,1,715.7
1159,2022-10-17,1,734.78
1160,2022-10-17,1,548.15
1161,2022-10-18,10,660.66
1162,2022-10-18,10,661.16
1163,2022-10-18,1,780.46
1164,2022-10-18,1,573.18
1165,2022-10-18,3,577.88
1166,2022-10-18,6,1776.08
1167,2022-10-18,1,339.36
1168,2022-10-18,1,1086.66
1169,2022-10-19,6,944.46
1170,2022-10-19,6,919.04
1171,2022-10-19,1,417.16
1172,2022-10-19,2,3268.84
1173,2022-10-19,11,2907.6
1174,2022-10-19,5,589.88
1175,2022-10-19,6,116.32
1176,2022-10-20,1,603.16
1177,2022-10-20,2,603.16
1178,2022-10-20,1,788.81
1179,2022-10-20,1,436.84
1180,2022-10-20,1,591.1
1181,2022-10-20,1,295.85
1182,2022-10-20,2,706.67
1183,2022-10-20,1,748.43
1184,2022-10-21,8,456.04
1185,2022-10-21,5,679.98
1186,2022-10-21,2,2837.38
1187,2022-10-21,3,474.98
1188,2022-10-21,12,968.37
1189,2022-10-21,6,808.9
1190,2022-10-21,10,1094.83
1191,2022-10-24,1,700.24
1192,2022-10-24,1,717.66
1193,2022-10-24,1,701.56
1194,2022-10-24,1,701.29
1195,2022-10-24,1,743.19
1196,2022-10-24,3,1927.78
1197,2022-10-24,1,449.65
1198,2022-10-24,2,1178.99
1199,2022-10-24,1,4841.12
1200,2022-10-24,1,575.62
1201,2022-10-25,1,1115.05
1202,2022-10-25,1,1115.05
1203,2022-10-25,8,1866.28
1204,2022-10-25,4,564.24
1205,2022-10-25,4,593.81
1206,2022-10-25,2,895.27
1207,2022-10-25,4,162.0
1208,2022-10-26,2,76.8
1209,2022-10-26,2,506.58
1210,2022-10-26,2,531.67
1211,2022-10-26,2,361.29
1212,2022-10-26,6,863.39
1213,2022-10-26,1,900.05
1214,2022-10-26,1,456.27
1215,2022-10-26,1,4854.27
1216,2022-10-27,2,426.06
1217,2022-10-27,4,315.84
1218,2022-10-27,4,224.73
1219,2022-10-27,2,279.04
1220,2022-10-27,20,110.73
1221,2022-10-27,1,76.32
1222,2022-10-27,1,2837.38
1223,2022-10-28,1,667.31
1224,2022-10-28,1,757.23
1225,2022-10-28,1,757.23
1226,2022-10-28,4,17147.72
1227,2022-10-28,1,705.41
1228,2022-10-28,2,92.05
1229,2022-10-31,2,553.82
1230,2022-10-31,1,90.3
1231,2022-10-31,2,426.04
1232,2022-10-31,1,347.26
1233,2022-10-31,6,750.25
1234,2022-10-31,4,481.63
1235,2022-10-31,1,553.76
1236,2022-10-31,15,99.23
1237,2022-10-31,3,400.44
1238,2022-10-31,1,8955.12
1239,2022-11-01,1,92.05
1240,2022-11-01,1,71.8
1241,2022-11-01,6,626.39
1242,2022-11-03,2,667.91
1243,2022-11-03,1,1364.0
1244,2022-11-04,4,92.05
1245,2022-11-04,10,660.66
1246,2022-11-04,7,661.16
1247,2022-11-04,25,780.46
1248,2022-11-04,1,573.18
1249,2022-11-04,4,570.73
1250,2022-11-04,4,557.21
1251,2022-11-04,6,569.72
1252,2022-11-04,2,2481.59
1253,2022-11-04,1,17449.8
1254,2022-11-07,2,103.64
1255,2022-11-07,2,121.8
1256,2022-11-07,2,1401.95
1257,2022-11-07,4,1378.67
1258,2022-11-08,1,467.55
1259,2022-11-08,2,1192.14
1260,2022-11-08,3,4367.5
1261,2022-11-08,11,1123.31
1262,2022-11-08,1,184.0
1263,2022-11-08,1,228.17
1264,2022-11-09,1,546.21
1265,2022-11-09,1,657.83
1266,2022-11-10,1,18.99
1267,2022-11-10,4,1958.05
1268,2022-11-10,2,590.91
1269,2022-11-10,20,1159.11
1270,2022-11-10,1,900.0
1271,2022-11-10,1,426.57
1272,2022-11-10,12,1983.38
1273,2022-11-11,3,742.16
1274,2022-11-11,5,52.43
1275,2022-11-11,3,1018.92
1276,2022-11-11,2,257.4
1277,2022-11-11,2,7895.81
1278,2022-11-14,1,1008.79
1279,2022-11-14,6,590.3
1280,2022-11-15,2,606.03
1281,2022-11-15,5,324.22
1282,2022-11-15,5,492.1
1283,2022-11-15,1,412.17
1284,2022-11-15,1,431.85
1285,2022-11-15,1,438.85
1286,2022-11-15,1,71.93
1287,2022-11-15,1,117.41
1288,2022-11-15,1,27153.66
1289,2022-11-15,2,440.76
1290,2022-11-16,2,950.47
1291,2022-11-16,6,971.25
1292,2022-11-16,6,1455.02
1293,2022-11-16,3,853.72
1294,2022-11-16,1,281.87
1295,2022-11-16,10,1447.53
1296,2022-11-16,1,13722.5
1297,2022-11-17,1,5049.64
1298,2022-11-17,1,769.55
1299,2022-11-17,2,531.01
1300,2022-11-17,1,308.15
1301,2022-11-17,1,958.76
1302,2022-11-18,3,846.26
1303,2022-11-18,3,940.18
1304,2022-11-18,2,571.51
1305,2022-11-18,2,76.8
1306,2022-11-18,2,91.69
1307,2022-11-18,1,124.84
1308,2022-11-18,5,499.93
1309,2022-11-18,5,491.16
1310,2022-11-22,10,340.6
1311,2022-11-22,2,257.4
1312,2022-11-22,8,719.97
1313,2022-11-23,1,1346.9
1314,2022-11-23,2,386.37
1315,2022-11-23,2,505.54
1316,2022-11-23,2,315.84
1317,2022-11-23,4,224.73
1318,2022-11-23,4,3667.93
1319,2022-11-24,1,76.8
1320,2022-11-24,5,8936.55
1321,2022-11-24,1,800.66
1322,2022-11-24,1,738.1
1323,2022-11-24,1,4016.84
1324,2022-11-24,2,665.55
1325,2022-11-24,8,804.98
1326,2022-11-24,4,1398.64
1327,2022-11-25,20,1208.0
1328,2022-11-25,6,2953.67
1329,2022-11-25,6,2756.19
1330,2022-11-25,10,106.37
1331,2022-11-25,2,559.9
1332,2022-11-25,20,1173.99
1333,2022-11-25,1,399.02
1334,2022-11-25,1,723.31
1335,2022-11-28,1,600.41
1336,2022-11-28,1,736.42
1337,2022-11-28,1,595.35
1338,2022-11-29,6,1897.36
1339,2022-11-30,6,1455.02
1340,2022-11-30,1,1772.46
1341,2022-11-30,2,3643.7
1342,2022-11-30,9,1512.12
1343,2022-11-30,1,1472.33
1344,2022-11-30,1,1080.26
1345,2022-11-30,8,655.66
1346,2022-11-30,4,797.02
1347,2022-11-30,8,613.04
1348,2022-11-30,1,1244.62
1349,2022-11-30,10,101.61
1350,2022-12-05,6,678.88
1351,2022-12-05,9,680.47
1352,2022-12-05,1,631.3
1353,2022-12-05,3,75.99
1354,2022-12-05,6,493.29
1355,2022-12-05,1,13688.0
1356,2022-12-05,1,1927.57
1357,2022-12-06,1,830.57
1358,2022-12-06,1,1105.71
1359,2022-12-06,2,340.6
1360,2022-12-07,1,16747.9
1361,2022-12-07,25,995.71
1362,2022-12-07,10,101.61
1363,2022-12-08,4,1590.0
1364,2022-12-08,1,257.4
1365,2022-12-08,20,1159.71
1366,2022-12-08,10,235.95
1367,2022-12-08,3,1385.9
1368,2022-12-08,10,945.13
1369,2022-12-09,4,382.35
1370,2022-12-09,2,806.43
1371,2022-12-09,2,210.03
1372,2022-12-09,1,340.6
1373,2022-12-09,3,257.4
1374,2022-12-09,1,3045.5
1375,2022-12-13,1,462.44
1376,2022-12-13,4,3193.86
1377,2022-12-13,1,593.0
1378,2022-12-13,3,994.58
1379,2022-12-13,6,297.8
1380,2022-12-13,4,168.7
1381,2022-12-13,4,348.97
1382,2022-12-13,1,1079.68
1383,2022-12-14,1,1863.57
1384,2022-12-14,2,1026.6
1385,2022-12-14,4,1469.88
1386,2022-12-15,6,2225.25
1387,2022-12-15,5,4367.5
1388,2022-12-15,2,615.3
1389,2022-12-15,1,2418.73
1390,2022-12-15,5,2280.04
1391,2022-12-16,12,2910.05
1392,2022-12-16,1,352.4
1393,2022-12-19,1,9474.78
1394,2022-12-20,6,1874.33
1395,2022-12-20,2,374.22
1396,2022-12-20,3,411.69
1397,2022-12-20,26,660.66
1398,2022-12-20,10,661.16
1399,2022-12-20,5,497.56
1400,2022-12-20,5,501.42
1401,2022-12-21,10,951.95
1402,2022-12-21,1,1325.07
1403,2022-12-22,16,1648.26
1404,2022-12-22,2,3033.54
1405,2022-12-22,10,380.67
1406,2022-12-22,4,77.48
1407,2022-12-22,1,4349.11
1408,2022-12-22,1,2200.32
1409,2022-12-22,6,1772.92
1410,2022-12-22,2,414.5
1411,2022-12-22,1,773.77
1412,2022-12-23,1,7920.92
1413,2022-12-23,5,1819.18
1414,2022-12-23,3,458.84
1415,2022-12-23,6,1593.5
1416,2022-12-23,3,315.94
1417,2022-12-23,2,860.51
1418,2022-12-23,2,1624.37
1419,2022-12-23,2,1598.51
1420,2022-12-23,2,699.91
1421,2022-12-23,6,609.69
1422,2022-12-23,6,613.91
1423,2022-12-23,3,1585.8
1424,2022-12-23,1,4025.49
1425,2022-12-23,10,1325.34
